geoid,area_land,geometry,ward_precinct,democrat_percent,republican_percent,turnout_percent
02021,48661778,"list(list(c(1906318.05825318, 1906704.58265779, 1907150.26510861, 1908076.49982484, 1908092.59154832, 1909258.75403856, 1909633.33043256, 1909905.15889687, 1909914.5666836, 1910004.2525294, 1909996.11660709, 1910195.31188436, 1910188.55451776, 1910449.36459551, 1910507.77401007, 1910533.59366289, 1912992.08981308, 1914671.94410847, 1910822.10397614, 1907902.56628912, 1907851.48099794, 1907862.197272, 1907625.8003809, 1907628.40551383, 1907458.91124476, 1907465.17741626, 1907320.50004388, 1907381.41688243, 
1907258.14630621, 1907358.20346933, 1907286.17833275, 1907323.93446809, 1907416.22346704, 1907315.32986975, 1907336.16769382, 1907485.09080993, 1907401.95464557, 1907513.6202629, 1907271.87130319, 1907335.44435402, 1907173.27194863, 1907287.4173637, 1907429.3337572, 1907466.41591366, 1907280.27998811, 1907202.66246147, 1907047.79749393, 1906888.70345571, 1906857.05958531, 1906875.77615539, 1906658.8809475, 1906769.79313828, 1906703.37403127, 1906837.10410207, 1906783.21746241, 1906634.04346199, 1906716.45745456, 
1907014.11583508, 1906840.58080686, 1907090.4286484, 1907088.75437253, 1906742.68097025, 1906717.92382705, 1906944.1296683, 1906757.14683496, 1906643.48617828, 1906693.93331973, 1906520.03803753, 1906590.31974029, 1906379.87400283, 1906318.05825318, 506515.077179708, 505566.516064042, 505216.718606029, 504701.094898636, 504237.854142086, 504202.618643401, 504191.194570234, 504308.682495114, 504532.643721516, 504567.239326693, 504880.206268175, 504858.442077039, 505074.519706276, 505069.306049752, 
504971.944567153, 504644.145723486, 506342.559935439, 508770.853813171, 512219.764737239, 514765.533150519, 514795.983457165, 514671.985582596, 514670.176422712, 514571.28511136, 514503.147405691, 514381.626775138, 514329.08706488, 514172.197523132, 514065.335147248, 514026.370316177, 513742.038983713, 513515.436265692, 513433.27778652, 513253.757444217, 513048.551750678, 512958.714399368, 512804.025532116, 512649.990277134, 512589.760457256, 512328.001986038, 512325.224181908, 511865.385326062, 
512008.681515265, 511778.841927165, 511282.350527308, 510933.165448918, 510745.424859715, 510500.891908059, 509839.247538077, 509627.364929741, 509416.525863764, 509179.210051493, 508852.994694405, 508775.571669021, 508603.800401535, 508529.794543287, 508291.687832221, 508195.216950718, 508037.484191135, 507950.214945879, 507806.512646961, 507743.082414576, 507648.855179597, 507327.94601886, 507343.264222986, 507157.066822267, 507045.078042522, 506989.657422029, 506851.668154363, 506777.769995561, 
506515.077179708)))",NA,71,26.8,73.8
02026,26537537,"list(list(c(1899376.89579661, 1901779.54669183, 1903736.01601771, 1905340.27354876, 1907335.44435402, 1907271.87130319, 1907513.6202629, 1907401.95464557, 1907485.09080993, 1907336.16769382, 1907315.32986975, 1907416.22346704, 1907323.93446809, 1907286.17833275, 1907358.20346933, 1907258.14630621, 1907381.41688243, 1907320.50004388, 1907465.17741626, 1907458.91124476, 1907628.40551383, 1907625.8003809, 1907862.197272, 1907851.48099794, 1906762.66015593, 1905860.74875083, 1905528.04102306, 1905356.92671942, 
1904984.41493497, 1903718.23374961, 1903668.078367, 1903441.80140289, 1903379.39219494, 1903444.6702965, 1903205.67495473, 1903118.75582866, 1902958.94126612, 1902476.83432586, 1902231.9826652, 1901995.64291371, 1901683.11178384, 1901496.53403994, 1901155.50819873, 1900864.60012777, 1900673.00713062, 1900406.61592646, 1900121.4832414, 1900163.63910831, 1900143.57425469, 1899864.49265499, 1899684.63695426, 1899420.66349756, 1899411.97601338, 1899376.89579661, 516317.006685252, 515015.882857068, 513734.137064775, 
513548.881850978, 512328.001986038, 512589.760457256, 512649.990277134, 512804.025532116, 512958.714399368, 513048.551750678, 513253.757444217, 513433.27778652, 513515.436265692, 513742.038983713, 514026.370316177, 514065.335147248, 514172.197523132, 514329.08706488, 514381.626775138, 514503.147405691, 514571.28511136, 514670.176422712, 514671.985582596, 514795.983457165, 515447.100015733, 517622.223795564, 517741.546796654, 517802.810727397, 517313.716527522, 518220.957245679, 518319.695094472, 
518372.44753381, 518500.443128758, 518724.198837512, 519084.768032847, 519364.130700566, 519418.554839264, 519144.522692243, 519581.710527456, 519602.439014978, 518118.424499512, 517916.902706529, 517755.144876752, 517762.17131935, 517644.106178013, 517622.238877028, 517665.334725085, 517402.736995235, 517052.792963429, 516889.824994565, 516992.53848696, 516923.778036534, 516520.012680109, 516317.006685252)))",NA,71.8875,26.325,75
02108,353358,"list(list(c(1908281.56494351, 1908348.2119319, 1908860.6629042, 1909093.52041843, 1909250.0364314, 1909334.61835623, 1909455.32788976, 1909368.73977728, 1909344.8115435, 1909206.68158954, 1909038.80714556, 1909056.70592474, 1908414.79242541, 1908480.1191268, 1908264.22469413, 1908271.73052157, 1908147.57252164, 1908281.56494351, 530515.832923369, 530488.126849234, 530840.986595823, 530790.24643582, 530738.287929678, 530943.292655395, 530955.490448862, 531056.017224737, 531182.967421252, 531190.799418061, 
531337.96871975, 531148.816962017, 530920.660713874, 530709.28060817, 530876.701582889, 530591.995569288, 530442.442452492, 530515.832923369)))",NA,83.65714285714286,13.928571428571429,72.87142857142857
02109,448840,"list(list(c(1909044.24884059, 1909147.20072175, 1909488.80180556, 1909505.49060216, 1909676.03219449, 1909480.12834363, 1909365.03163694, 1909204.19774677, 1909214.6231121, 1909397.59050152, 1909344.8115435, 1909368.73977728, 1909455.32788976, 1909710.22929004, 1909844.16425574, 1909834.29654057, 1909594.70762537, 1909685.50333781, 1910044.36676296, 1909913.50143795, 1909613.8844249, 1909618.77930145, 1909193.06289305, 1908893.51743692, 1909044.24884059, 532084.487353122, 532267.030478819, 532235.814367343, 
532003.009516089, 531957.291033891, 531745.292324163, 531614.056492895, 531719.305327026, 531557.633079977, 531188.005102769, 531182.967421252, 531056.017224737, 530955.490448862, 530993.559511894, 531200.489047898, 531417.508497832, 531491.742362254, 531917.375690474, 531984.700461393, 532386.105812897, 532634.096699512, 532758.779262078, 532582.892545441, 532266.011551907, 532084.487353122)))",NA,76.03999999999999,21.7,71.8
02110,469252,"list(list(c(1909399.88878139, 1909646.44616632, 1909965.77571307, 1910094.81857918, 1910235.10569162, 1910164.78526097, 1910044.36676296, 1909685.50333781, 1909594.70762537, 1909834.29654057, 1909844.16425574, 1909710.22929004, 1909455.32788976, 1909334.61835623, 1909250.0364314, 1909399.88878139, 530511.858670754, 530527.358756458, 530886.053101926, 530843.230755007, 531521.838695909, 531678.021594116, 531984.700461393, 531917.375690474, 531491.742362254, 531417.508497832, 531200.489047898, 530993.559511894, 
530955.490448862, 530943.292655395, 530738.287929678, 530511.858670754)))",NA,78.76666666666667,19.099999999999998,67.9
02111,700224,"list(list(c(1909037.0572511, 1909188.62661187, 1909209.77356492, 1909517.34153279, 1909579.08771338, 1909610.28821809, 1909723.91291715, 1909940.88672149, 1909936.14529464, 1910004.69357597, 1909720.17920149, 1909646.44616632, 1909399.88878139, 1909250.0364314, 1909093.52041843, 1909043.74367694, 1909037.0572511, 530345.858835785, 530342.373309034, 529710.108324566, 529678.756113457, 529506.676558778, 529391.721115415, 529642.974717465, 529868.469824555, 529934.012854716, 530405.783006059, 530512.097021712, 
530527.358756458, 530511.858670754, 530738.287929678, 530790.24643582, 530629.007878529, 530345.858835785)))",NA,84.15,13.799999999999999,66.95
02113,259756,"list(list(c(1909106.83128484, 1909147.53704432, 1909179.19600292, 1909140.83000267, 1909163.73516663, 1909204.19774677, 1909365.03163694, 1909480.12834363, 1909676.03219449, 1909505.49060216, 1909488.80180556, 1909147.20072175, 1909044.24884059, 1909106.83128484, 531895.008880051, 531907.930979588, 531807.661345784, 531796.47085346, 531761.153064425, 531719.305327026, 531614.056492895, 531745.292324163, 531957.291033891, 532003.009516089, 532235.814367343, 532267.030478819, 532084.487353122, 531895.008880051
)))",NA,76.52,21.28,72.04
02114,1162383,"list(list(c(1907879.55354143, 1908095.0622908, 1908147.57252164, 1908271.73052157, 1908264.22469413, 1908480.1191268, 1908414.79242541, 1909056.70592474, 1909038.80714556, 1909043.59645326, 1909214.6231121, 1909204.19774677, 1909163.73516663, 1909140.83000267, 1909179.19600292, 1909147.53704432, 1909106.83128484, 1909044.24884059, 1908893.51743692, 1908665.89750214, 1908567.52866343, 1908160.98960711, 1908107.50983931, 1908066.51371892, 1907917.46042348, 1907905.8397398, 1907879.55354143, 530808.040975162, 
530496.594358677, 530442.442452492, 530591.995569288, 530876.701582889, 530709.28060817, 530920.660713874, 531148.816962017, 531337.96871975, 531392.24911036, 531557.633079977, 531719.305327026, 531761.153064425, 531796.47085346, 531807.661345784, 531907.930979588, 531895.008880051, 532084.487353122, 532266.011551907, 532158.696150014, 532206.858290459, 532102.904837015, 531954.259568487, 531840.549203877, 531125.77052324, 530866.512689739, 530808.040975162)))",NA,81.47777777777777,16.055555555555557,73.84444444444445
02115,1833364,"list(list(c(1906043.78691784, 1906215.68860067, 1906221.76081646, 1906581.00600206, 1906717.75945564, 1906798.96158212, 1906911.37528981, 1906926.90389565, 1906947.00921785, 1907298.36276951, 1907395.47275659, 1907612.46139989, 1907725.27221565, 1907907.04554477, 1907980.69161468, 1908110.34051018, 1908092.88962236, 1908018.07324011, 1907963.77737712, 1907910.27677107, 1907796.95072165, 1907721.28458373, 1907605.10640727, 1907728.47348155, 1907439.18707563, 1907400.16651833, 1907226.77686163, 1906985.68564046, 
1907178.8391623, 1907486.0936115, 1907286.45880606, 1907290.6382616, 1907312.23078701, 1907022.19209174, 1906979.02643262, 1906755.60256992, 1906440.99596722, 1906257.50515992, 1906370.0837845, 1906244.01495325, 1906130.54713489, 1906092.97317991, 1906109.84381376, 1906013.54484076, 1906043.78691784, 526991.8328237, 526910.406888073, 526984.231865436, 527412.515693034, 527385.160187716, 527604.119932496, 527537.797963113, 527653.692535353, 527732.272911468, 527674.775079194, 527939.508095031, 527870.363337788, 
528131.251797637, 528515.93712981, 528698.383132491, 528970.792596593, 528988.246087976, 529031.380400415, 529157.742986571, 529190.827549466, 529177.957005677, 529188.191717403, 529363.619455742, 529457.507089306, 529887.026990421, 529929.515844382, 530200.789262965, 529986.7683335, 529690.582104082, 529213.881635379, 529117.840361606, 529021.191715073, 528483.438313115, 528106.616091437, 528071.147300737, 528158.033178515, 528421.210937277, 527905.435943924, 527849.798027562, 527521.385025788, 
527550.478850565, 527442.24668477, 527401.262242183, 526978.689272871, 526991.8328237)))",NA,87.64444444444445,10.627777777777778,60.81666666666666
02116,1633045,"list(list(c(1907400.16651833, 1907439.18707563, 1907728.47348155, 1908011.03647813, 1908117.00788845, 1908074.90177902, 1907963.77737712, 1908018.07324011, 1908092.88962236, 1908130.51380645, 1908275.23645218, 1908757.13296836, 1908954.80392303, 1909018.10365264, 1908960.13740358, 1909209.77356492, 1909188.62661187, 1909037.0572511, 1908814.33747644, 1908601.09796517, 1908348.2119319, 1908281.56494351, 1908147.57252164, 1908095.0622908, 1907879.55354143, 1907844.0569893, 1907226.77686163, 1907400.16651833, 
529929.515844382, 529887.026990421, 529457.507089306, 529671.575457766, 529504.90830392, 529384.175706568, 529157.742986571, 529031.380400415, 528988.246087976, 529056.497462927, 528972.091665716, 529177.91283359, 529361.702840267, 529600.614578907, 529653.53880245, 529710.108324566, 530342.373309034, 530345.858835785, 530255.539957874, 530117.484623369, 530488.126849234, 530515.832923369, 530442.442452492, 530496.594358677, 530808.040975162, 530755.779334707, 530200.789262965, 529929.515844382)))",NA,85.61333333333333,12.213333333333333,72.94
02118,2839685,"list(list(c(1907796.14247777, 1907966.67880377, 1908107.75054485, 1908412.71709527, 1908552.85454178, 1908683.51257367, 1908958.40985627, 1909076.65055359, 1909399.52661056, 1909309.31979007, 1909439.48349476, 1909703.44768415, 1909779.42677574, 1909799.58947251, 1909864.679407, 1909694.52471853, 1909690.5834358, 1909610.28821809, 1909579.08771338, 1909517.34153279, 1909209.77356492, 1908960.13740358, 1909018.10365264, 1908954.80392303, 1908757.13296836, 1908275.23645218, 1908130.51380645, 1908092.88962236, 
1908110.34051018, 1907980.69161468, 1907907.04554477, 1907725.27221565, 1907796.14247777, 528013.629929337, 528292.501836108, 528276.247792072, 527751.100444888, 527674.271014265, 527906.943024844, 527981.055140129, 527904.826690177, 527601.370064975, 527493.258014449, 527558.159792019, 527281.681636902, 527857.120076602, 528007.20019817, 528586.569327288, 529245.15731224, 529398.294044309, 529391.721115415, 529506.676558778, 529678.756113457, 529710.108324566, 529653.53880245, 529600.614578907, 
529361.702840267, 529177.91283359, 528972.091665716, 529056.497462927, 528988.246087976, 528970.792596593, 528698.383132491, 528515.93712981, 528131.251797637, 528013.629929337)))",NA,86.21428571428571,11.90952380952381,64.33333333333333
02119,4137558,"list(list(c(1907343.88621823, 1907320.2817814, 1907464.73043266, 1907530.07316324, 1907588.0767515, 1907594.65949653, 1907821.58327071, 1907847.01398392, 1907894.90011509, 1907953.2050909, 1908002.86538088, 1908144.8087854, 1908260.70386625, 1909133.98103121, 1909096.23327897, 1909182.34705556, 1909030.04422612, 1909734.33177109, 1909713.84935286, 1909703.44768415, 1909439.48349476, 1909309.31979007, 1909399.52661056, 1909076.65055359, 1908958.40985627, 1908683.51257367, 1908552.85454178, 1908412.71709527, 
1908152.74910509, 1908101.45045534, 1908200.57974043, 1908144.60832846, 1907941.83764511, 1907436.53494298, 1907348.10858943, 1907310.59173976, 1907312.14628227, 1907296.96195112, 1907184.96505546, 1907343.88621823, 525667.131356842, 525599.725641442, 525390.775444305, 525328.318056823, 525286.892137379, 525281.809705857, 525013.299775997, 525059.294985398, 525110.717148014, 525223.065397392, 525651.609388123, 525995.950327038, 525953.214966338, 525702.979549585, 526144.127788404, 526240.115291983, 
526445.828125533, 526681.17668753, 526922.371406101, 527281.681636902, 527558.159792019, 527493.258014449, 527601.370064975, 527904.826690177, 527981.055140129, 527906.943024844, 527674.271014265, 527751.100444888, 527823.957411243, 527594.171908365, 527554.639892708, 527250.053583182, 527340.511953359, 527305.676088041, 526885.062459756, 526487.198364191, 526361.458132258, 526207.84579399, 525752.642436879, 525667.131356842)))",NA,91.24814814814815,7.325925925925926,60.74444444444445
02120,1607480,"list(list(c(1906415.8005191, 1906408.40502305, 1906891.76578902, 1907307.67556782, 1907310.59173976, 1907348.10858943, 1907436.53494298, 1907941.83764511, 1908144.60832846, 1908200.57974043, 1908101.45045534, 1908152.74910509, 1908412.71709527, 1908107.75054485, 1907966.67880377, 1907796.14247777, 1907725.27221565, 1907612.46139989, 1907395.47275659, 1907298.36276951, 1906947.00921785, 1906926.90389565, 1906911.37528981, 1906798.96158212, 1906717.75945564, 1906581.00600206, 1906221.76081646, 1906415.8005191, 
526706.128495966, 526734.241774714, 526510.785426653, 526646.345460225, 526487.198364191, 526885.062459756, 527305.676088041, 527340.511953359, 527250.053583182, 527554.639892708, 527594.171908365, 527823.957411243, 527751.100444888, 528276.247792072, 528292.501836108, 528013.629929337, 528131.251797637, 527870.363337788, 527939.508095031, 527674.775079194, 527732.272911468, 527653.692535353, 527537.797963113, 527604.119932496, 527385.160187716, 527412.515693034, 526984.231865436, 526706.128495966
)))",NA,89.29375,8.975,57.54375
02121,4520353,"list(list(c(1907820.82667119, 1908172.17331781, 1908184.50325945, 1908474.30536392, 1908561.169726, 1908739.34944546, 1909023.7717629, 1909177.18116345, 1909345.11047135, 1909839.03534611, 1909873.07702224, 1909989.75690971, 1910078.32757223, 1910052.82636536, 1910032.4942533, 1910146.69254966, 1910021.10166064, 1910078.25718397, 1909807.35598011, 1909753.14980674, 1909756.54406783, 1909412.52466398, 1909423.78350881, 1909133.98103121, 1908260.70386625, 1908144.8087854, 1908002.86538088, 1907953.2050909, 
1907894.90011509, 1907847.01398392, 1907922.82175103, 1907926.24331398, 1908076.58182256, 1908172.77700931, 1908198.85685724, 1907885.11054948, 1907820.82667119, 523706.00653698, 523354.581851928, 523163.339204733, 522910.150191193, 522779.085856208, 523432.592354424, 523735.724872804, 523699.29333437, 523488.969254308, 523764.077971958, 523968.667496955, 524068.724013247, 524174.18806949, 524317.230391648, 524562.13279654, 524729.200261288, 524831.959021413, 524844.16410906, 525156.959333112, 524999.925714114, 
525536.834726379, 525608.826261931, 525688.951301341, 525702.979549585, 525953.214966338, 525995.950327038, 525651.609388123, 525223.065397392, 525110.717148014, 525059.294985398, 524983.01212849, 524613.04418876, 524449.734195748, 524445.990955418, 524266.64221759, 523946.35784816, 523706.00653698)))",NA,92.03809523809524,6.8,59.114285714285714
02122,5270568,"list(list(c(1916870.70302244, 1917092.6872504, 1917294.91352863, 1917403.4832464, 1917630.80125566, 1917638.97542734, 1917782.1513212, 1917849.77678534, 1918085.47131191, 1918068.37955399, 1917702.69577374, 1917204.4530583, 1917196.57115028, 1916793.96431584, 1916870.70302244, 527255.987277211, 527309.7423348, 527483.510066468, 527735.523526722, 527855.619043449, 528478.821826132, 529255.69146265, 529365.376638751, 529747.705864386, 530074.339522261, 530101.994459091, 528894.185076325, 528078.027944473, 
527485.56924134, 527255.987277211)), list(c(1910052.82636536, 1910266.97447044, 1910866.53212763, 1910984.15476677, 1911009.72348851, 1910926.45918792, 1911026.21566706, 1911047.71134717, 1911199.56057076, 1911244.29227409, 1911421.11188748, 1911478.38240085, 1911772.13818565, 1911628.60836269, 1911813.56187185, 1911822.98304146, 1911953.81536862, 1912477.27156195, 1912477.62495421, 1912615.14112078, 1912557.91916097, 1912549.82429591, 1912852.90548764, 1912984.280777, 1913042.59875834, 1913008.09224321, 
1913110.47094009, 1913185.14539635, 1913002.93293645, 1912804.33936213, 1912395.18333716, 1912265.27179437, 1912343.14935012, 1912295.95259311, 1911790.21871346, 1911787.59537302, 1911755.06395379, 1911457.73253065, 1911200.48362119, 1911152.10426639, 1910977.39462447, 1910868.59994118, 1911051.4575472, 1910962.71392637, 1910718.16154808, 1910767.68266215, 1910448.49296086, 1910404.79949721, 1910247.6831582, 1910301.02266491, 1910366.71484393, 1910206.98786181, 1910078.25718397, 1910021.10166064, 
1910146.69254966, 1910032.4942533, 1910052.82636536, 524317.230391648, 524453.567006722, 524154.017615821, 524247.86172715, 523938.893447288, 523710.878367922, 523699.683559326, 523428.168243379, 523535.390604535, 523464.099377371, 523610.360198152, 523476.730354331, 523089.354890172, 522977.142571806, 522809.498289833, 522584.046033191, 522578.293385179, 522853.45846315, 522505.870143578, 522446.735661004, 522154.246470608, 522114.24976732, 522012.352463886, 522150.070313265, 522287.68130827, 522743.434804569, 
523138.182862614, 523635.614574972, 523902.85579679, 524104.613237357, 524160.035773906, 524555.075995578, 524701.01862936, 525030.114868551, 525099.790115993, 525024.919967787, 524721.705019759, 524900.430268858, 525000.746906171, 525575.747166313, 525603.947019478, 525374.920436047, 525302.774851389, 525235.304002376, 525382.741412198, 525461.428633518, 525642.860607832, 525425.991222773, 525497.983426749, 525280.810822817, 525235.965432979, 524841.252423254, 524844.16410906, 524831.959021413, 
524729.200261288, 524562.13279654, 524317.230391648)))",NA,75.70869565217392,22.608695652173914,67.42173913043479
02124,7758289,"list(list(c(1908463.43763239, 1908614.58707799, 1908827.43003453, 1908833.43412827, 1908976.9344089, 1909275.60414818, 1909368.23765533, 1909565.57933136, 1909748.4538327, 1909819.36152894, 1910107.71967498, 1910274.87125659, 1910368.96499992, 1910436.66138096, 1910944.36393236, 1910813.46895773, 1910846.22792822, 1911070.2270483, 1911051.57681834, 1910852.43812482, 1910910.34464652, 1910954.21855142, 1911273.07642984, 1911285.24845569, 1911409.01756999, 1911492.51545742, 1911559.65793193, 1911575.26835577, 
1911836.73194342, 1911918.28076222, 1912322.7128107, 1912337.35375014, 1912068.49836074, 1912116.8861018, 1912427.99709963, 1912549.82429591, 1912557.91916097, 1912615.14112078, 1912477.62495421, 1912477.27156195, 1911953.81536862, 1911822.98304146, 1911813.56187185, 1911628.60836269, 1911772.13818565, 1911478.38240085, 1911421.11188748, 1911244.29227409, 1911199.56057076, 1911047.71134717, 1911026.21566706, 1910926.45918792, 1911009.72348851, 1910984.15476677, 1910866.53212763, 1910266.97447044, 
1910052.82636536, 1910078.32757223, 1909989.75690971, 1909873.07702224, 1909839.03534611, 1909345.11047135, 1909177.18116345, 1909023.7717629, 1908739.34944546, 1908561.169726, 1908463.43763239, 522651.731778608, 522661.052760623, 522318.895336849, 522325.5270469, 522077.053171318, 522050.807184414, 521861.951547916, 521748.008467951, 521729.049815062, 521852.87493501, 521602.763112679, 521512.771144597, 521479.723401814, 521610.40097843, 521704.845744117, 521462.921788603, 521317.062322236, 521163.946379256, 
521006.205093366, 520871.834026232, 520761.134112983, 520808.186984782, 520942.363385503, 520994.100199871, 521008.089660762, 520975.381865486, 520879.041693476, 520775.433738384, 520624.100025053, 520682.162394516, 521310.586576629, 521387.712827345, 521732.839113113, 521906.188714733, 522122.29829588, 522114.24976732, 522154.246470608, 522446.735661004, 522505.870143578, 522853.45846315, 522578.293385179, 522584.046033191, 522809.498289833, 522977.142571806, 523089.354890172, 523476.730354331, 
523610.360198152, 523464.099377371, 523535.390604535, 523428.168243379, 523699.683559326, 523710.878367922, 523938.893447288, 524247.86172715, 524154.017615821, 524453.567006722, 524317.230391648, 524174.18806949, 524068.724013247, 523968.667496955, 523764.077971958, 523488.969254308, 523699.29333437, 523735.724872804, 523432.592354424, 522779.085856208, 522651.731778608)))",NA,84.93658536585366,13.61219512195122,65.1780487804878
02125,5522672,"list(list(c(1909133.98103121, 1909423.78350881, 1909412.52466398, 1909756.54406783, 1909753.14980674, 1909807.35598011, 1910078.25718397, 1910206.98786181, 1910366.71484393, 1910301.02266491, 1910247.6831582, 1910404.79949721, 1910448.49296086, 1910767.68266215, 1910718.16154808, 1910962.71392637, 1911051.4575472, 1910868.59994118, 1910977.39462447, 1911152.10426639, 1911200.48362119, 1911457.73253065, 1911755.06395379, 1911787.59537302, 1911790.21871346, 1912295.95259311, 1912222.34313246, 1911965.28246504, 
1911993.89973525, 1912176.92553209, 1912041.10178875, 1912370.10010636, 1912378.39808426, 1912379.32481341, 1912594.80022977, 1912614.50813325, 1912498.2372714, 1912470.83504459, 1911529.00585893, 1911479.86386348, 1911490.89465739, 1911306.36353101, 1911206.91571194, 1911096.57239965, 1911077.23798726, 1910896.24226357, 1910963.60722518, 1910604.1036366, 1910315.45733217, 1910049.00549667, 1909779.42677574, 1909703.44768415, 1909713.84935286, 1909734.33177109, 1909030.04422612, 1909182.34705556, 
1909096.23327897, 1909133.98103121, 525702.979549585, 525688.951301341, 525608.826261931, 525536.834726379, 524999.925714114, 525156.959333112, 524844.16410906, 524841.252423254, 525235.965432979, 525280.810822817, 525497.983426749, 525425.991222773, 525642.860607832, 525461.428633518, 525382.741412198, 525235.304002376, 525302.774851389, 525374.920436047, 525603.947019478, 525575.747166313, 525000.746906171, 524900.430268858, 524721.705019759, 525024.919967787, 525099.790115993, 525030.114868551, 
525148.935535427, 525154.0641278, 525656.693264372, 525929.742704917, 526054.557369069, 525925.99586536, 526018.932754677, 526029.340592673, 526461.936693163, 526501.519025379, 526818.311876139, 526892.971951332, 527293.247051294, 527314.135775259, 527328.710639486, 527349.865072751, 527238.255213429, 527318.666593153, 527003.830596318, 527016.74618774, 526807.511352753, 527259.049500956, 527531.059725854, 527849.438864919, 527857.120076602, 527281.681636902, 526922.371406101, 526681.17668753, 526445.828125533, 
526240.115291983, 526144.127788404, 525702.979549585)))",NA,83.38076923076923,14.953846153846154,62.41153846153846
02126,5385962,"list(list(c(1908375.60962735, 1908610.80326172, 1908555.42096635, 1908779.12263975, 1908926.8518881, 1908958.10467811, 1909297.41377794, 1909444.47866231, 1909740.66324946, 1909720.97552143, 1910193.66353749, 1910662.71484777, 1910910.34464652, 1910852.43812482, 1911051.57681834, 1911070.2270483, 1910846.22792822, 1910813.46895773, 1910944.36393236, 1910436.66138096, 1910368.96499992, 1910274.87125659, 1910107.71967498, 1909819.36152894, 1909748.4538327, 1909565.57933136, 1909368.23765533, 1909275.60414818, 
1908976.9344089, 1908833.43412827, 1908827.43003453, 1908614.58707799, 1908463.43763239, 1908286.73839105, 1908341.39414605, 1908208.9331503, 1908372.47854434, 1908270.07372633, 1908566.9033514, 1908528.87668053, 1908607.85412384, 1908579.68846868, 1908543.25714434, 1908608.95648737, 1908557.28513363, 1908486.59679082, 1908395.90093825, 1908454.02738596, 1908399.23287178, 1908452.07992726, 1908360.7795252, 1908101.94335222, 1908095.68047563, 1908083.42277995, 1908062.36538617, 1908005.08604377, 1908135.49991764, 
1908123.85998424, 1908290.04162879, 1908128.42218357, 1908375.60962735, 519339.303985161, 519159.882199702, 518995.107098561, 519030.887363129, 518944.44715539, 518939.633983808, 519410.548404946, 519967.20216682, 519973.200882749, 520364.368057444, 520353.993942216, 520717.977732366, 520761.134112983, 520871.834026232, 521006.205093366, 521163.946379256, 521317.062322236, 521462.921788603, 521704.845744117, 521610.40097843, 521479.723401814, 521512.771144597, 521602.763112679, 521852.87493501, 521729.049815062, 
521748.008467951, 521861.951547916, 522050.807184414, 522077.053171318, 522325.5270469, 522318.895336849, 522661.052760623, 522651.731778608, 522499.476574896, 522309.336811456, 522156.133103295, 521960.518364611, 521791.046641669, 521601.411219469, 521539.182827838, 521415.663143953, 521299.432519884, 521250.971042895, 521160.71203785, 521109.499193312, 521188.750679743, 521080.795063523, 521020.190683983, 520986.861111082, 520964.115215112, 520868.846488473, 520970.574095308, 520499.15399251, 520507.116507712, 
520439.665902116, 520126.329817905, 520061.779238592, 519855.291905094, 519786.161767709, 519650.957056065, 519339.303985161)))",NA,92.205,6.775,66.89
02127,5239742,"list(list(c(1909779.42677574, 1910049.00549667, 1910315.45733217, 1910604.1036366, 1910963.60722518, 1910896.24226357, 1911077.23798726, 1911096.57239965, 1911206.91571194, 1911306.36353101, 1911351.41554424, 1911282.3923632, 1911265.97400876, 1911696.33850941, 1912059.60477062, 1912154.96510875, 1912345.88269652, 1912472.35795061, 1912647.68055705, 1912810.09887018, 1913088.85185015, 1913370.22319919, 1913370.46278787, 1913378.07178336, 1913451.35228667, 1913522.22107648, 1913545.60891786, 1913441.91265516, 
1913238.08143007, 1911467.53241337, 1911362.99061564, 1911407.2224356, 1911344.06171509, 1911409.39307852, 1911051.0943123, 1910777.06407931, 1910738.41232605, 1910593.67592441, 1910629.44520368, 1910340.27586129, 1910220.54494028, 1909976.67955828, 1910001.29010795, 1910096.10410077, 1909940.88672149, 1909723.91291715, 1909610.28821809, 1909690.5834358, 1909694.52471853, 1909864.679407, 1909799.58947251, 1909779.42677574, 527857.120076602, 527849.438864919, 527531.059725854, 527259.049500956, 526807.511352753, 
527016.74618774, 527003.830596318, 527318.666593153, 527238.255213429, 527349.865072751, 527424.788661631, 527499.566330109, 527882.975476719, 528061.26569648, 528079.867534229, 528205.839218125, 528297.842916334, 528516.134531294, 528673.571565024, 528739.901353876, 528655.976892801, 528791.632699892, 528793.361909327, 528848.375057213, 529378.108065672, 529890.685908897, 530059.847164466, 530146.8029273, 530243.565040638, 529710.062736977, 529792.517762929, 529619.514670383, 529601.141690073, 529187.951581134, 
529146.816370194, 529298.520534399, 529205.862771501, 529287.164573096, 529376.229797214, 529613.083307434, 529485.4894076, 529577.176128516, 529846.436398312, 529943.817632122, 529868.469824555, 529642.974717465, 529391.721115415, 529398.294044309, 529245.15731224, 528586.569327288, 528007.20019817, 527857.120076602)))",NA,73.65,24.186363636363637,69.05454545454545
02128,12563923,"list(list(c(1909746.57864606, 1910132.20769324, 1910332.17221308, 1910616.16235649, 1910770.99813234, 1911095.02198983, 1911204.48571879, 1911232.7181495, 1911442.2163902, 1911386.27276882, 1911473.56846865, 1911736.24249837, 1911753.56211067, 1912618.3356856, 1913439.98297525, 1913659.20884669, 1913659.09704007, 1913596.65195551, 1913401.10732246, 1913325.89475075, 1913763.18921972, 1913994.86810218, 1914244.78990175, 1914480.99364347, 1914718.86177438, 1914540.46986849, 1914374.25271219, 1913956.09600892, 
1913840.39692778, 1913580.12362493, 1913379.34032902, 1913363.09988917, 1913416.7717603, 1913421.21431695, 1913492.5424026, 1913494.03765119, 1913424.38159202, 1913329.32783244, 1913276.78127473, 1913215.16367004, 1913229.10596, 1913137.15988925, 1913223.14802622, 1913382.24579863, 1913305.06836505, 1913674.50437774, 1913797.59626429, 1913809.89881391, 1913698.49146998, 1913521.47399662, 1913374.1656794, 1912969.89391552, 1912833.49057841, 1912464.1185016, 1911989.89175376, 1911734.58097765, 1911793.24704789, 
1911664.43678518, 1911480.89652051, 1911325.43270824, 1911358.47167504, 1911249.41691436, 1911145.2515953, 1910822.10192506, 1910382.65332537, 1910222.8155848, 1909853.67439376, 1909673.47274644, 1909608.02683131, 1909728.92025619, 1909732.72822372, 1909746.57864606, 532794.562214373, 532235.765342206, 532045.497632905, 531874.700101646, 531855.489621457, 531697.823540563, 531725.257158986, 531972.142237061, 532149.681237943, 531792.63421976, 531601.868742656, 531470.762149301, 531621.569062079, 
531274.339832123, 530817.14134895, 530925.497140435, 530927.070383399, 531818.000268696, 531676.532894673, 531879.975284739, 532142.221191685, 531925.324836857, 531890.745439262, 532004.396181514, 532464.350495209, 532874.077254904, 532919.266118313, 532711.706520948, 532593.311390522, 532701.983164715, 532856.833648991, 532971.055356573, 532981.996595331, 533082.585840861, 533163.290334576, 533210.329139955, 533416.618062489, 533482.019813562, 533542.374835247, 533674.945748264, 534235.760934855, 
534515.103985629, 534587.773183573, 534992.194534339, 535399.399242553, 535800.303101303, 535837.35064101, 535960.388704367, 536005.939051021, 536457.906738772, 536469.892242519, 536400.606264793, 535959.838303659, 536119.355980602, 536107.866440051, 536058.176631825, 536318.440764911, 536418.193688776, 536467.683102011, 536242.013743814, 535614.463782119, 535210.999871042, 535027.703030136, 534655.120415795, 534642.977086751, 534718.11109898, 534738.171273432, 534290.737579088, 534225.980218683, 
533510.533649949, 532960.823224635, 532794.562214373)))",NA,75.62142857142857,22.442857142857143,67.30714285714286
02129,3499249,"list(list(c(1906940.26923033, 1906961.65216022, 1907356.55987402, 1907792.64351126, 1907826.63942838, 1908252.56039264, 1908567.52866343, 1908665.89750214, 1908893.51743692, 1909193.06289305, 1909618.77930145, 1909732.72822372, 1909728.92025619, 1909608.02683131, 1909241.26335512, 1908666.54765887, 1908503.44264475, 1907904.61521099, 1907442.14198547, 1907441.29611045, 1907565.0568152, 1907519.40473486, 1907405.38671893, 1907252.31553402, 1907161.80744169, 1906963.95620154, 1906906.09233002, 1906940.26923033, 
533299.633834948, 533245.791576432, 533250.86539328, 532514.792283832, 532454.923029445, 532466.545631004, 532206.858290459, 532158.696150014, 532266.011551907, 532582.892545441, 532758.779262078, 532960.823224635, 533510.533649949, 534225.980218683, 534430.295091925, 534448.139966997, 534428.681363972, 534181.622738361, 534350.819212316, 534563.284744953, 534932.167310606, 535105.892631612, 534955.998081036, 534519.999224971, 534618.013783206, 533480.024351769, 533367.655259964, 533299.633834948
)))",NA,77.28571428571429,20.45714285714286,75.64285714285714
02130,8635265,"list(list(c(1904978.27849648, 1905183.54486563, 1905396.16916575, 1905902.13072664, 1905993.65413561, 1906101.45976746, 1906330.40186777, 1906127.68052284, 1906042.28430988, 1906486.10378467, 1906461.92044523, 1906614.88015402, 1906875.66501101, 1906931.98348475, 1906829.71572391, 1906853.35084763, 1907058.61745061, 1907175.80647066, 1907231.70592359, 1907357.73501998, 1907606.89959448, 1907751.66899837, 1907291.5594624, 1907144.45790554, 1907308.7223959, 1907306.71713828, 1907783.80407584, 1907709.04564157, 
1907881.01989707, 1907967.36487164, 1908123.70815856, 1908491.14159303, 1908474.30536392, 1908184.50325945, 1908172.17331781, 1907820.82667119, 1907885.11054948, 1908198.85685724, 1908172.77700931, 1908076.58182256, 1907926.24331398, 1907922.82175103, 1907847.01398392, 1907821.58327071, 1907594.65949653, 1907588.0767515, 1907530.07316324, 1907464.73043266, 1907320.2817814, 1907343.88621823, 1907184.96505546, 1907296.96195112, 1907312.14628227, 1907310.59173976, 1907307.67556782, 1906891.76578902, 
1906408.40502305, 1906415.8005191, 1906221.76081646, 1906215.68860067, 1906043.78691784, 1906013.54484076, 1906005.70983737, 1905791.7548592, 1905653.69392761, 1905510.68244522, 1905208.30911005, 1905074.76368695, 1904927.09098839, 1904978.27849648, 523029.993233238, 522998.715797948, 523118.810113984, 523065.882439013, 523355.359405771, 523087.849346841, 522940.116378962, 522808.827344875, 522672.225609439, 522659.289846308, 522430.474326986, 522746.741446302, 523173.967334674, 523345.229476017, 
522619.333588863, 522107.381488398, 522036.870094462, 522117.300670229, 522009.351738378, 522073.317715229, 521907.919232867, 522150.679614757, 522464.45608121, 522611.278205051, 522783.530561457, 523313.664880804, 523232.545062237, 523082.745178042, 523041.120434655, 523159.1644707, 523200.465403971, 522869.035852173, 522910.150191193, 523163.339204733, 523354.581851928, 523706.00653698, 523946.35784816, 524266.64221759, 524445.990955418, 524449.734195748, 524613.04418876, 524983.01212849, 525059.294985398, 
525013.299775997, 525281.809705857, 525286.892137379, 525328.318056823, 525390.775444305, 525599.725641442, 525667.131356842, 525752.642436879, 526207.84579399, 526361.458132258, 526487.198364191, 526646.345460225, 526510.785426653, 526734.241774714, 526706.128495966, 526984.231865436, 526910.406888073, 526991.8328237, 526978.689272871, 525982.535250968, 525811.015362295, 525902.035038741, 525615.725630291, 524472.72898784, 523583.591097536, 523047.574826611, 523029.993233238)))",NA,90.36333333333333,7.723333333333334,71.68333333333334
02131,6699886,"list(list(c(1908005.08604377, 1908062.36538617, 1908083.42277995, 1907985.55691358, 1907944.46424023, 1908005.08604377, 520126.329817905, 520439.665902116, 520507.116507712, 520555.452567167, 520164.854598553, 520126.329817905)), list(c(1904944.37829428, 1904887.40376354, 1904961.91710627, 1905304.00946029, 1905537.78073889, 1905797.88679853, 1906130.98033507, 1906268.87976581, 1906493.64444123, 1906451.06085528, 1906557.28651266, 1906799.33329515, 1906981.36318544, 1907266.21435856, 1907213.72961098, 
1907351.83074855, 1907333.81649038, 1907515.77440566, 1907522.31641755, 1907607.09650477, 1907780.17532579, 1907639.36923526, 1907703.80960645, 1908000.51312682, 1908270.07372633, 1908372.47854434, 1908208.9331503, 1908341.39414605, 1908286.73839105, 1908463.43763239, 1908561.169726, 1908474.30536392, 1908491.14159303, 1908408.28637104, 1908291.7720787, 1908102.81675321, 1908066.96347588, 1907887.81792002, 1907796.95240973, 1907751.66899837, 1907606.89959448, 1907357.73501998, 1907231.70592359, 1907175.80647066, 
1907058.61745061, 1906853.35084763, 1906829.71572391, 1906931.98348475, 1906875.66501101, 1906614.88015402, 1906461.92044523, 1906486.10378467, 1906042.28430988, 1906127.68052284, 1906330.40186777, 1906101.45976746, 1905993.65413561, 1905902.13072664, 1905785.32821049, 1905556.50487622, 1905055.78171707, 1904831.77741967, 1904944.37829428, 521078.98618326, 520944.287654426, 520788.960477118, 520500.510588448, 520284.300240591, 519857.260978624, 519622.330756071, 520030.440318624, 519907.754812944, 
519762.22387907, 519385.154372378, 519737.922580048, 519982.208615887, 519825.149318071, 520243.81783846, 520424.074009318, 520546.116971127, 520702.067037946, 520794.858273607, 521050.363016488, 521177.142471367, 521303.139555197, 521507.298853533, 521985.328532345, 521791.046641669, 521960.518364611, 522156.133103295, 522309.336811456, 522499.476574896, 522651.731778608, 522779.085856208, 522910.150191193, 522869.035852173, 522756.817981811, 522828.885325338, 522802.553149891, 522769.297886484, 
522325.420864205, 522238.469835604, 522150.679614757, 521907.919232867, 522073.317715229, 522009.351738378, 522117.300670229, 522036.870094462, 522107.381488398, 522619.333588863, 523345.229476017, 523173.967334674, 522746.741446302, 522430.474326986, 522659.289846308, 522672.225609439, 522808.827344875, 522940.116378962, 523087.849346841, 523355.359405771, 523065.882439013, 522770.967114102, 522451.975358553, 521229.516182974, 521126.460653468, 521078.98618326)))",NA,84.53076923076924,13.78076923076923,74.9076923076923
02132,11808860,"list(list(c(1901690.92118643, 1901803.25933419, 1901995.64291371, 1902231.9826652, 1902476.83432586, 1902958.94126612, 1903118.75582866, 1903205.67495473, 1903444.6702965, 1903379.39219494, 1903441.80140289, 1903668.078367, 1903718.23374961, 1904984.41493497, 1905356.92671942, 1905528.04102306, 1905593.62167737, 1905466.68026475, 1905674.24922285, 1905644.77422791, 1905240.72000207, 1905560.34423447, 1905340.00611325, 1905370.18288226, 1905503.53959568, 1905304.00946029, 1904961.91710627, 1904887.40376354, 
1904944.37829428, 1904831.77741967, 1905055.78171707, 1905556.50487622, 1905785.32821049, 1905902.13072664, 1905396.16916575, 1905183.54486563, 1905452.5179114, 1905273.48804803, 1904684.97764217, 1904487.74210155, 1904258.4449426, 1904108.2251245, 1903809.95141111, 1903707.66170672, 1903159.78487224, 1902999.48659814, 1902765.49331312, 1902928.73123377, 1902821.22547712, 1902842.25921438, 1902695.7569976, 1902704.96973083, 1902819.51670618, 1902716.96368296, 1902749.97389546, 1902426.76024434, 1902275.66914086, 
1901703.94181627, 1901690.92118643, 519844.627247684, 519694.033962772, 519602.439014978, 519581.710527456, 519144.522692243, 519418.554839264, 519364.130700566, 519084.768032847, 518724.198837512, 518500.443128758, 518372.44753381, 518319.695094472, 518220.957245679, 517313.716527522, 517802.810727397, 517741.546796654, 517776.393149823, 518003.170538733, 518212.775367122, 518555.140002134, 518902.210130924, 519632.739869067, 519843.137291009, 520046.622755725, 520171.971075926, 520500.510588448, 
520788.960477118, 520944.287654426, 521078.98618326, 521126.460653468, 521229.516182974, 522451.975358553, 522770.967114102, 523065.882439013, 523118.810113984, 522998.715797948, 522547.509124063, 522370.367280291, 522326.19491593, 522245.862449395, 521946.378373067, 522044.694687579, 521963.705826227, 521858.215774321, 522053.481895113, 522071.550121649, 522234.900433152, 521979.543516152, 522064.130601289, 521904.244711989, 521780.43591111, 521631.695622172, 521403.778211331, 521315.976167158, 
521098.500108405, 521352.457587617, 521412.526328983, 519871.235287716, 519844.627247684)))",NA,72.61578947368422,25.28421052631579,80.67894736842105
02134,3435164,"list(list(c(1903156.12313741, 1903385.70327249, 1903621.68008649, 1903677.55073423, 1903523.42373453, 1903520.68791317, 1903792.61038686, 1903955.53320691, 1904324.05877064, 1904577.334715, 1904509.44297515, 1904480.90233297, 1904965.13228931, 1905375.83478662, 1905604.74585744, 1905591.79878879, 1905560.76478304, 1905012.7655676, 1904940.20090418, 1904760.7860473, 1904297.66913173, 1904260.2295112, 1904089.13001325, 1904128.52327804, 1903877.65103173, 1903714.84931315, 1903617.21284272, 1903521.69973802, 
1903602.78803155, 1903515.42619499, 1903356.48255081, 1903416.82373836, 1903109.0464885, 1903196.98264356, 1903414.56306944, 1903388.7411339, 1903199.88322845, 1903152.03340882, 1903039.91108146, 1903092.43018727, 1903252.91162715, 1903103.05815184, 1903156.12313741, 528484.94215601, 528550.719860448, 528537.10287004, 528271.913391236, 528337.599056759, 528213.044594292, 528125.022342788, 528155.057704551, 528686.657581105, 528962.808913054, 529065.095765219, 529308.996868271, 529408.608206081, 529234.22766766, 
529307.246036441, 529397.496019889, 529390.62392972, 529610.08513081, 530029.984618446, 530601.046217705, 530415.084753715, 530580.735007628, 530652.975793248, 530937.63940466, 531041.559067546, 531336.399236735, 531368.909869674, 531290.524777979, 530814.798168568, 530496.707450468, 530297.663507874, 530109.042310484, 529956.922831938, 529759.55808463, 529739.660305497, 529357.348177764, 529314.117025876, 529108.202524739, 528982.798499975, 528750.356374671, 528682.455031907, 528641.135355526, 528484.94215601
)))",NA,87.60909090909091,9.545454545454545,61.61818181818182
02135,6822276,"list(list(c(1900853.88151084, 1901402.68143759, 1901779.72378491, 1901820.1791308, 1901856.44881212, 1901966.31976457, 1902094.86574736, 1902262.10463143, 1902294.00616256, 1902515.12588206, 1902812.90634483, 1902863.56996775, 1902744.50593893, 1902897.58499585, 1902944.77292219, 1903093.72743505, 1903105.25902256, 1903257.74650313, 1903224.16700823, 1903395.36791835, 1903328.16246571, 1903461.79511631, 1903632.28304199, 1903713.76025258, 1903955.53320691, 1903792.61038686, 1903520.68791317, 1903523.42373453, 
1903677.55073423, 1903621.68008649, 1903385.70327249, 1903156.12313741, 1903103.05815184, 1903252.91162715, 1903092.43018727, 1903039.91108146, 1903152.03340882, 1903199.88322845, 1903388.7411339, 1903414.56306944, 1903196.98264356, 1903109.0464885, 1903416.82373836, 1903356.48255081, 1903515.42619499, 1903602.78803155, 1903521.69973802, 1903617.21284272, 1903714.84931315, 1903877.65103173, 1904128.52327804, 1904148.49537093, 1903843.95431887, 1903631.24492736, 1903472.31826126, 1903287.73127346, 
1903466.33122605, 1903050.84765578, 1902740.83633783, 1902507.45811913, 1902023.45546144, 1901694.71768101, 1901444.66163847, 1901096.45182923, 1900828.05760459, 1900853.88151084, 527850.838486807, 527253.503762236, 526835.49268764, 526856.004730103, 526752.440444716, 526705.803427277, 526504.884621647, 526300.273312129, 526233.954070562, 526179.597267275, 525917.512621078, 525976.247807923, 526053.198254043, 526261.506696083, 526625.299960353, 526697.929312316, 526680.958228308, 526772.402314421, 
526829.093207871, 526954.804211671, 527070.74208689, 527288.292956524, 527332.336708739, 527615.058932086, 528155.057704551, 528125.022342788, 528213.044594292, 528337.599056759, 528271.913391236, 528537.10287004, 528550.719860448, 528484.94215601, 528641.135355526, 528682.455031907, 528750.356374671, 528982.798499975, 529108.202524739, 529314.117025876, 529357.348177764, 529739.660305497, 529759.55808463, 529956.922831938, 530109.042310484, 530297.663507874, 530496.707450468, 530814.798168568, 531290.524777979, 
531368.909869674, 531336.399236735, 531041.559067546, 530937.63940466, 531015.807537602, 531297.16900255, 531438.751135261, 531443.669273925, 531227.088738684, 530920.212217045, 530169.855943148, 530148.558355737, 529613.412270649, 529334.172823602, 529231.683212789, 528977.191776412, 529106.980711274, 528226.597130223, 527850.838486807)))",NA,83.09583333333333,14.125,68.56666666666666
02136,11890071,"list(list(c(1905528.04102306, 1905860.74875083, 1906762.66015593, 1907851.48099794, 1907902.56628912, 1907972.64331474, 1908054.11372114, 1908206.43374466, 1908172.1268645, 1908305.31301216, 1908272.04223169, 1907978.31857433, 1907887.5137575, 1908892.86811605, 1908650.47579684, 1908264.34321065, 1908400.43964491, 1908555.42096635, 1908610.80326172, 1908375.60962735, 1908128.42218357, 1908290.04162879, 1908123.85998424, 1908135.49991764, 1908005.08604377, 1907944.46424023, 1907985.55691358, 1907637.52867178, 
1907522.31641755, 1907515.77440566, 1907333.81649038, 1907351.83074855, 1907213.72961098, 1907266.21435856, 1906981.36318544, 1906799.33329515, 1906557.28651266, 1906451.06085528, 1906493.64444123, 1906268.87976581, 1906130.98033507, 1905797.88679853, 1905537.78073889, 1905304.00946029, 1905503.53959568, 1905370.18288226, 1905340.00611325, 1905560.34423447, 1905240.72000207, 1905644.77422791, 1905674.24922285, 1905466.68026475, 1905593.62167737, 1905528.04102306, 517741.546796654, 517622.223795564, 
515447.100015733, 514795.983457165, 514765.533150519, 514889.081867692, 515203.865966863, 515445.675573982, 515553.061577803, 515677.907958961, 515757.798366211, 516006.316955164, 516136.213230424, 517486.465220252, 518329.455118917, 518655.646733235, 518951.373334859, 518995.107098561, 519159.882199702, 519339.303985161, 519650.957056065, 519786.161767709, 519855.291905094, 520061.779238592, 520126.329817905, 520164.854598553, 520555.452567167, 520710.923355536, 520794.858273607, 520702.067037946, 
520546.116971127, 520424.074009318, 520243.81783846, 519825.149318071, 519982.208615887, 519737.922580048, 519385.154372378, 519762.22387907, 519907.754812944, 520030.440318624, 519622.330756071, 519857.260978624, 520284.300240591, 520500.510588448, 520171.971075926, 520046.622755725, 519843.137291009, 519632.739869067, 518902.210130924, 518555.140002134, 518212.775367122, 518003.170538733, 517776.393149823, 517741.546796654)))",NA,82.56190476190476,15.947619047619048,72.22857142857143
02138,7098376,"list(list(c(1900824.83155482, 1901123.5315936, 1901154.20902193, 1901338.73308664, 1901319.14314985, 1901623.96217483, 1901941.2130793, 1902425.46415948, 1902475.03151506, 1902728.76112547, 1902812.37645689, 1902866.77771273, 1902889.40727277, 1902849.15476527, 1902814.12195357, 1902820.3477686, 1902810.40492611, 1902765.89572796, 1902647.9297583, 1902740.83633783, 1903050.84765578, 1903466.33122605, 1903287.73127346, 1903472.31826126, 1903631.24492736, 1903843.95431887, 1904148.49537093, 1904469.90429889, 
1904641.98132318, 1904760.7860473, 1904800.78176231, 1904966.55558911, 1904878.48015367, 1904773.65339053, 1905098.04219602, 1905072.25648879, 1905182.79476183, 1905273.87747101, 1905249.56317692, 1905057.78719709, 1905118.14753282, 1904881.97479658, 1904617.71102494, 1904488.02852332, 1904241.80300052, 1904206.71874156, 1903783.43203792, 1903668.76618218, 1903511.37569701, 1903408.85625897, 1903317.12236066, 1903180.5037859, 1903083.8831333, 1902839.46415705, 1902543.49672037, 1902325.85579908, 
1902324.55373025, 1902552.55541709, 1902107.80481488, 1902064.70340275, 1902009.84759549, 1902057.10820874, 1901939.90484595, 1902048.93730635, 1901765.38126698, 1901338.62146744, 1901088.58690227, 1900847.83909358, 1900730.6708663, 1900949.00289067, 1900991.92909548, 1900834.71945591, 1900824.83155482, 532253.407285316, 531878.388381201, 531830.948535858, 531791.129910025, 531682.490931027, 531094.768919499, 531112.467065738, 531323.653000219, 531351.026601041, 531362.602221194, 530905.054667721, 
530921.003106773, 530759.94296211, 530729.806567025, 530744.139679314, 530818.610741036, 530866.106627176, 530404.39225264, 530303.848136319, 530148.558355737, 530169.855943148, 530920.212217045, 531227.088738684, 531443.669273925, 531438.751135261, 531297.16900255, 531015.807537602, 531075.230259977, 530951.013761721, 530601.046217705, 530733.297009478, 530763.280279031, 531180.850246927, 531231.115827564, 531188.462268282, 531287.988241094, 531972.345048798, 531980.064123329, 532211.283873627, 
532374.484878515, 532415.060154212, 532577.342779468, 532704.304612536, 532804.176420009, 532761.7517, 532909.927160975, 532796.81891186, 532658.830570563, 532680.794714346, 532823.460932342, 532726.020999876, 532859.2868581, 532764.820564937, 533074.825575456, 532971.504213067, 533093.797356991, 533178.361857636, 533296.587443115, 533293.190268279, 533605.73699065, 533733.677810675, 533598.80416142, 533561.350803917, 533298.434716626, 533300.027553106, 533436.94575456, 533456.732785699, 533417.722061911, 
533232.258059465, 532797.389505456, 532378.605614759, 532263.15524213, 532253.407285316)))",NA,85.6,11.1,62.5
02139,4034616,"list(list(c(1905012.7655676, 1905560.76478304, 1905591.79878879, 1905731.67227958, 1906437.56914674, 1906985.68564046, 1906800.34099087, 1907139.94750378, 1906958.2798965, 1906761.26522785, 1906748.6336118, 1906593.55327751, 1906575.59766239, 1906068.68154139, 1906110.5017323, 1905903.32196089, 1905480.590871, 1905249.56317692, 1905273.87747101, 1905182.79476183, 1905072.25648879, 1905098.04219602, 1904773.65339053, 1904878.48015367, 1904966.55558911, 1904800.78176231, 1904760.7860473, 1904940.20090418, 
1905012.7655676, 529610.08513081, 529390.62392972, 529397.496019889, 529412.084798459, 529650.795843421, 529986.7683335, 530274.533201574, 530628.489078775, 530991.395716822, 530955.287337543, 531480.406307493, 531522.760242363, 531342.085330594, 531714.810763343, 532193.13770251, 532154.432611045, 532024.375678696, 532211.283873627, 531980.064123329, 531972.345048798, 531287.988241094, 531188.462268282, 531231.115827564, 531180.850246927, 530763.280279031, 530733.297009478, 530601.046217705, 530029.984618446, 
529610.08513081)))",NA,NA,NA,NA
02141,1667391,"list(list(c(1906068.68154139, 1906575.59766239, 1906593.55327751, 1906748.6336118, 1906761.26522785, 1906958.2798965, 1907004.93475633, 1907263.5055145, 1907084.49590118, 1906842.61113253, 1906830.60503739, 1906990.9956912, 1907475.39560624, 1907720.12407817, 1907886.60128216, 1908107.50983931, 1908160.98960711, 1908567.52866343, 1908252.56039264, 1907826.63942838, 1907792.64351126, 1907724.36424783, 1907520.06536727, 1907284.05280701, 1906795.89084954, 1906492.34389638, 1906110.5017323, 1906068.68154139, 
531714.810763343, 531342.085330594, 531522.760242363, 531480.406307493, 530955.287337543, 530991.395716822, 531246.608193218, 531177.894067367, 531443.860705555, 531442.543158013, 531517.875544967, 531608.993748017, 531642.656679288, 531580.392280351, 532039.441973201, 531954.259568487, 532102.904837015, 532206.858290459, 532466.545631004, 532454.923029445, 532514.792283832, 532420.539796046, 532540.303923181, 532495.509785828, 532226.612320365, 532253.743195658, 532193.13770251, 531714.810763343
)))",NA,78.30000000000001,19.5,73.75
02142,719893,"list(list(c(1906985.68564046, 1907226.77686163, 1907844.0569893, 1907879.55354143, 1907905.8397398, 1907917.46042348, 1908066.51371892, 1908107.50983931, 1907886.60128216, 1907720.12407817, 1907475.39560624, 1906990.9956912, 1906830.60503739, 1906842.61113253, 1907084.49590118, 1907263.5055145, 1907004.93475633, 1906958.2798965, 1907139.94750378, 1906800.34099087, 1906985.68564046, 529986.7683335, 530200.789262965, 530755.779334707, 530808.040975162, 530866.512689739, 531125.77052324, 531840.549203877, 
531954.259568487, 532039.441973201, 531580.392280351, 531642.656679288, 531608.993748017, 531517.875544967, 531442.543158013, 531443.860705555, 531177.894067367, 531246.608193218, 530991.395716822, 530628.489078775, 530274.533201574, 529986.7683335)))",NA,81.4,16.3,70.7
02143,3999024,"list(list(c(1903939.11049057, 1904219.51639272, 1904488.02852332, 1904617.71102494, 1904881.97479658, 1905118.14753282, 1905057.78719709, 1905249.56317692, 1905480.590871, 1905903.32196089, 1906110.5017323, 1906492.34389638, 1906795.89084954, 1907284.05280701, 1907520.06536727, 1907724.36424783, 1907792.64351126, 1907356.55987402, 1906961.65216022, 1906940.26923033, 1906906.09233002, 1906405.99290604, 1906199.65371325, 1906205.86584861, 1905716.84863069, 1904890.41323551, 1904671.94832565, 1904605.52315322, 
1904276.11709223, 1904178.89206761, 1904018.22696279, 1904071.49351983, 1903939.11049057, 533289.908340827, 533014.436983136, 532804.176420009, 532704.304612536, 532577.342779468, 532415.060154212, 532374.484878515, 532211.283873627, 532024.375678696, 532154.432611045, 532193.13770251, 532253.743195658, 532226.612320365, 532495.509785828, 532540.303923181, 532420.539796046, 532514.792283832, 533250.86539328, 533245.791576432, 533299.633834948, 533367.655259964, 533071.571777918, 533260.197910869, 
533322.932076321, 533658.982638211, 533966.256984899, 533958.435176768, 533794.965959256, 533901.728495007, 533516.709809565, 533458.121693516, 533227.954211772, 533289.908340827)))",NA,76.05000000000001,21.5,76.65
02145,3615599,"list(list(c(1904283.88894528, 1904697.89477912, 1904890.41323551, 1905716.84863069, 1906205.86584861, 1906199.65371325, 1906405.99290604, 1906906.09233002, 1906963.95620154, 1907161.80744169, 1906899.6107761, 1906833.6804786, 1906167.56415842, 1905978.78298533, 1905561.26322989, 1905162.58492055, 1905046.73435914, 1905039.28790076, 1905013.88844172, 1904987.51652658, 1904968.87105752, 1904957.1572005, 1904134.78732977, 1904352.95627682, 1904283.88894528, 534115.262309523, 534119.223525057, 533966.256984899, 
533658.982638211, 533322.932076321, 533260.197910869, 533071.571777918, 533367.655259964, 533480.024351769, 534618.013783206, 534969.763364816, 535092.629142503, 535356.006898135, 535383.290120331, 535056.703442079, 535139.769763721, 534700.639861009, 534705.979779536, 534697.314966808, 534693.161150055, 534693.65454269, 534589.673888742, 534771.445182748, 534522.944832395, 534115.262309523)))",NA,76.9,20.3,76.5
02148,13066934,"list(list(c(1904900.6194701, 1905442.05677116, 1905829.52899621, 1906016.61208839, 1906230.10271962, 1906431.93525072, 1906533.05558239, 1906470.2957629, 1907320.29648003, 1907393.48812366, 1907707.5648815, 1907723.41312471, 1907916.73394119, 1907926.72789797, 1909547.86132887, 1909701.78876644, 1909095.382811, 1905013.07514335, 1904916.44940066, 1904630.38941888, 1904932.55395712, 1904852.80796481, 1904900.6194701, 538271.531206713, 537349.106540636, 537118.296385825, 537141.839006474, 536997.004942925, 
536961.012805152, 537043.178951817, 537246.566632799, 537575.040258368, 537643.337800445, 538220.77643937, 538214.887800174, 538609.284064233, 538628.988520537, 539226.924712159, 540987.866499565, 541614.855793102, 539796.838467917, 540394.959495682, 540409.530713086, 538574.185635233, 538563.624975867, 538271.531206713)))",NA,NA,NA,NA
02149,8865774,"list(list(c(1906833.6804786, 1906899.6107761, 1907161.80744169, 1907252.31553402, 1907405.38671893, 1907519.40473486, 1907565.0568152, 1907441.29611045, 1907442.14198547, 1907904.61521099, 1908503.44264475, 1908666.54765887, 1908859.74902045, 1908866.19349578, 1908578.4204023, 1908580.35627458, 1908744.45972498, 1908903.41497697, 1909036.99256873, 1909067.3601524, 1909086.96957097, 1909134.72515488, 1909133.32242943, 1909110.45206326, 1909097.08656277, 1909084.01193784, 1909309.45905036, 1909439.34303442, 
1909485.35604716, 1909547.86132887, 1907926.72789797, 1907916.73394119, 1907723.41312471, 1907707.5648815, 1907393.48812366, 1907320.29648003, 1906470.2957629, 1906533.05558239, 1906680.12059011, 1906635.97517929, 1906861.5196572, 1906831.54949914, 1906732.62053824, 1906833.6804786, 535092.629142503, 534969.763364816, 534618.013783206, 534519.999224971, 534955.998081036, 535105.892631612, 534932.167310606, 534563.284744953, 534350.819212316, 534181.622738361, 534428.681363972, 534448.139966997, 535099.749900173, 
535282.004628494, 535479.593561114, 535662.223577339, 535743.030602089, 535677.549443207, 535925.763711066, 535895.762629537, 535903.005419739, 535978.905089579, 536003.738922752, 536025.84684767, 536003.764301462, 536014.804829773, 536443.100072315, 537382.699287342, 537986.624593763, 539226.924712159, 538628.988520537, 538609.284064233, 538214.887800174, 538220.77643937, 537643.337800445, 537575.040258368, 537246.566632799, 537043.178951817, 536891.855979102, 536522.995086765, 536388.270016995, 
535859.238180069, 535470.496138146, 535092.629142503)))",NA,76.9,20.3,76.5
02150,5726946,"list(list(c(1908666.54765887, 1909241.26335512, 1909608.02683131, 1909673.47274644, 1909853.67439376, 1910222.8155848, 1910382.65332537, 1910822.10192506, 1911145.2515953, 1911249.41691436, 1911358.47167504, 1911325.43270824, 1911480.89652051, 1911677.02850116, 1911674.82569792, 1911341.59993336, 1911045.23788376, 1910876.66466712, 1910727.94583696, 1910717.81961225, 1910191.05388539, 1910136.18398737, 1909913.52624056, 1909485.35604716, 1909439.34303442, 1909309.45905036, 1909084.01193784, 1909097.08656277, 
1909110.45206326, 1909133.32242943, 1909134.72515488, 1909086.96957097, 1909067.3601524, 1909036.99256873, 1908903.41497697, 1908744.45972498, 1908580.35627458, 1908578.4204023, 1908866.19349578, 1908859.74902045, 1908666.54765887, 534448.139966997, 534430.295091925, 534225.980218683, 534290.737579088, 534738.171273432, 534718.11109898, 534642.977086751, 534655.120415795, 535027.703030136, 535210.999871042, 535614.463782119, 536242.013743814, 536467.683102011, 536859.537432466, 536942.542056019, 
537099.124012235, 537000.917797517, 537078.200734042, 537020.699085511, 537205.600742267, 537239.883911325, 537375.87513697, 537630.624220907, 537986.624593763, 537382.699287342, 536443.100072315, 536014.804829773, 536003.764301462, 536025.84684767, 536003.738922752, 535978.905089579, 535903.005419739, 535895.762629537, 535925.763711066, 535677.549443207, 535743.030602089, 535662.223577339, 535479.593561114, 535282.004628494, 535099.749900173, 534448.139966997)))",NA,NA,NA,NA
02151,15211109,"list(list(c(1909913.52624056, 1910136.18398737, 1910191.05388539, 1910717.81961225, 1910727.94583696, 1910876.66466712, 1911045.23788376, 1911341.59993336, 1911674.82569792, 1911677.02850116, 1911480.89652051, 1911664.43678518, 1911793.24704789, 1911734.58097765, 1911989.89175376, 1912464.1185016, 1912833.49057841, 1912969.89391552, 1913374.1656794, 1913521.47399662, 1913698.49146998, 1913809.89881391, 1914052.9200774, 1914116.48233922, 1913755.60631812, 1913454.31111215, 1913128.821059, 1913125.08537249, 
1912885.55985674, 1912806.47640876, 1912928.84550553, 1912930.93609241, 1912932.50612161, 1913257.45427834, 1914180.54314677, 1914232.37904799, 1914161.54589116, 1914038.71639669, 1913587.20196918, 1913378.72669571, 1913207.18824503, 1913117.25970198, 1912905.06092884, 1912759.75755266, 1912462.52192893, 1912065.00753965, 1911945.77330994, 1911771.21347802, 1911355.86729998, 1911194.28852527, 1911081.51712997, 1911147.6440072, 1910941.64025262, 1910699.25724583, 1910488.82653087, 1910577.14122582, 
1910440.47849653, 1910440.89537812, 1910283.16610333, 1910423.64916854, 1910180.250913, 1909457.44015477, 1909216.85938769, 1909095.382811, 1909701.78876644, 1909547.86132887, 1909485.35604716, 1909913.52624056, 537630.624220907, 537375.87513697, 537239.883911325, 537205.600742267, 537020.699085511, 537078.200734042, 537000.917797517, 537099.124012235, 536942.542056019, 536859.537432466, 536467.683102011, 536418.193688776, 536318.440764911, 536058.176631825, 536107.866440051, 536119.355980602, 535959.838303659, 
536400.606264793, 536469.892242519, 536457.906738772, 536005.939051021, 535960.388704367, 536356.552533701, 536483.492782504, 536940.898378038, 537568.851663526, 537549.101429318, 537556.55065005, 538034.223262128, 539187.728675167, 540088.401809237, 540103.82728728, 540115.366361539, 541132.041210325, 542407.270965866, 542478.901410023, 542611.433263458, 542841.255070848, 542680.373081347, 542733.202450412, 542478.721309823, 541744.409303675, 541136.203260791, 540962.287002841, 541036.337567202, 
541212.941420301, 541089.908767557, 540641.269820046, 540583.097453168, 540343.506392692, 540560.317510317, 540699.103728477, 540685.231905406, 540780.031851801, 540593.493521306, 540710.35256331, 540910.683175575, 541241.891087698, 541321.724514817, 541543.240748517, 541673.394110374, 542374.571231672, 541805.023341059, 541614.855793102, 540987.866499565, 539226.924712159, 537986.624593763, 537630.624220907)))",NA,64.5,34.5,70.35
02152,5108546,"list(list(c(1913414.53955629, 1913693.79450876, 1913736.18331565, 1914149.47560682, 1914844.55288118, 1915268.89176391, 1915070.4142462, 1915447.75220276, 1915435.14836983, 1915555.19516895, 1915665.3784054, 1915695.69530244, 1915503.97684261, 1915322.17167732, 1915515.00142423, 1915778.50276345, 1915782.39163461, 1916065.62908389, 1916111.73922299, 1916468.80775513, 1916597.5649284, 1916919.60199426, 1917255.56416234, 1917640.29905956, 1917610.26260671, 1917443.4408921, 1917431.41570845, 1916997.33394198, 
1916687.11597147, 1916518.67427574, 1915933.59946068, 1915977.52085893, 1915897.76912378, 1915573.84292097, 1915522.90312018, 1915176.37580369, 1915003.27223303, 1914916.4583959, 1915068.03915891, 1915233.01572632, 1914750.13554086, 1914699.06394915, 1914132.38208568, 1914116.48233922, 1914052.9200774, 1913809.89881391, 1913797.59626429, 1913674.50437774, 1913305.06836505, 1913382.24579863, 1913223.14802622, 1913558.40759238, 1913420.31432922, 1913404.60213312, 1913414.53955629, 533805.035297217, 
533648.529069376, 533692.621691626, 533493.953509637, 534056.434808081, 534083.841376502, 534112.211009285, 534142.59428199, 533813.573266434, 533715.166440384, 533810.810100552, 533345.272778919, 533552.714186892, 533386.20626059, 532854.282937019, 532713.554302955, 532711.484059136, 532505.723589972, 532472.236235928, 532371.42647932, 532149.542811505, 532038.076549926, 531685.924525506, 531592.297832275, 531691.102950832, 532239.877435698, 532255.439712729, 532817.096033197, 532766.194530661, 
532738.563481009, 533139.425745018, 533880.390947091, 534028.58994631, 534630.598755387, 534725.272229142, 535007.643079348, 535504.72593838, 535883.137276359, 536129.522668152, 536446.129757214, 536441.179966474, 536443.00680939, 536463.344117338, 536483.492782504, 536356.552533701, 535960.388704367, 535837.35064101, 535800.303101303, 535399.399242553, 534992.194534339, 534587.773183573, 534531.425970655, 534404.043212577, 534148.628999666, 533805.035297217)))",NA,NA,NA,NA
02163,256728,"list(list(c(1904089.13001325, 1904260.2295112, 1904297.66913173, 1904760.7860473, 1904641.98132318, 1904469.90429889, 1904148.49537093, 1904128.52327804, 1904089.13001325, 530652.975793248, 530580.735007628, 530415.084753715, 530601.046217705, 530951.013761721, 531075.230259977, 531015.807537602, 530937.63940466, 530652.975793248)))",NA,85.6,11.1,62.5
02171,6352163,"list(list(c(1913019.99050135, 1913336.09031157, 1913395.66551079, 1913801.11702031, 1913728.46116824, 1913841.28410637, 1914186.10123061, 1913987.64554395, 1914144.20653656, 1913980.67116337, 1914000.43835708, 1914386.17662326, 1914536.93899405, 1914670.47378222, 1914782.23399664, 1914620.44611809, 1914774.25016066, 1914663.12179716, 1914859.94449029, 1914780.05907599, 1914368.35348863, 1914349.3548308, 1914778.69640797, 1914804.13319293, 1915085.64011772, 1915088.81300354, 1915154.06201895, 1915360.92652461, 
1915187.09067367, 1915725.03003985, 1915735.33151538, 1916084.72310564, 1916268.12425444, 1916286.59847564, 1916221.81020877, 1915947.86855095, 1915737.6394315, 1915730.08789927, 1915417.49121858, 1915339.27993502, 1915334.50045956, 1915329.40357153, 1915149.69796581, 1914824.34394912, 1914668.59896031, 1914566.77241201, 1914138.48671583, 1914263.90303298, 1914272.96949236, 1914116.74770467, 1913740.88039897, 1913622.61799657, 1913534.25138901, 1913468.36918121, 1913256.00494999, 1913087.41786321, 
1912298.61288814, 1912331.54522521, 1912198.65091025, 1912388.50070943, 1913002.93293645, 1913185.14539635, 1913110.47094009, 1913008.09224321, 1913042.59875834, 1912984.280777, 1913019.99050135, 522043.799128179, 521149.329506451, 520954.523117746, 520703.154500196, 520960.15377868, 520869.409832094, 521377.143473219, 521559.956262685, 521794.319451549, 521931.351546636, 522003.994145088, 521684.562359407, 521998.150183287, 521928.916019916, 522217.306055721, 522427.006879145, 522619.039053796, 
522720.750051122, 522986.077750638, 523220.835156319, 523657.372409799, 523677.520676398, 524137.771071548, 524171.108801124, 524540.05621587, 524544.217260607, 524657.211337578, 525015.456563539, 525452.973393404, 525957.066234405, 525966.727040228, 526202.195204453, 526325.814589633, 526610.495816936, 526634.145018399, 526734.17670501, 526311.661515183, 526303.771366301, 525977.154730502, 525895.425932283, 525890.439081545, 525889.601502928, 525860.190752539, 525806.940596174, 526115.786318268, 
526014.64592881, 526077.714216062, 525686.411169347, 525658.136969766, 525034.99044249, 525084.257595777, 525310.478188159, 525297.02217777, 525287.000110661, 525254.682033185, 525101.64170196, 525125.679339609, 525494.30456868, 525389.030566868, 524803.806126621, 523902.85579679, 523635.614574972, 523138.182862614, 522743.434804569, 522287.68130827, 522150.070313265, 522043.799128179)))",NA,NA,NA,NA
02176,12127466,"list(list(c(1905013.07514335, 1909095.382811, 1906080.22866128, 1905539.41513608, 1905590.92493078, 1905022.26227172, 1904288.70443447, 1904591.23637331, 1904916.44940066, 1905013.07514335, 539796.838467917, 541614.855793102, 544622.6991936, 544265.420810811, 544090.207529492, 543812.988457634, 543907.170129393, 542474.511627677, 540394.959495682, 539796.838467917)))",NA,NA,NA,NA
02186,33711128,"list(list(c(1907902.56628912, 1910822.10397614, 1911266.44049545, 1911869.83603701, 1911922.33539335, 1912228.85594344, 1911138.87964415, 1913690.90626004, 1913663.13490113, 1912680.32915979, 1913938.98446577, 1914113.28546627, 1913959.54532867, 1914362.60032174, 1914383.2251737, 1913801.11702031, 1913395.66551079, 1913336.09031157, 1913019.99050135, 1912984.280777, 1912852.90548764, 1912549.82429591, 1912427.99709963, 1912116.8861018, 1912068.49836074, 1912337.35375014, 1912322.7128107, 1911918.28076222, 
1911836.73194342, 1911575.26835577, 1911559.65793193, 1911492.51545742, 1911409.01756999, 1911285.24845569, 1911273.07642984, 1910954.21855142, 1910910.34464652, 1910662.71484777, 1910193.66353749, 1909720.97552143, 1909740.66324946, 1909444.47866231, 1909297.41377794, 1908958.10467811, 1908926.8518881, 1908779.12263975, 1908555.42096635, 1908400.43964491, 1908264.34321065, 1908650.47579684, 1908892.86811605, 1907887.5137575, 1907978.31857433, 1908272.04223169, 1908305.31301216, 1908172.1268645, 
1908206.43374466, 1908054.11372114, 1907972.64331474, 1907902.56628912, 514765.533150519, 512219.764737239, 512518.491186946, 512703.417168555, 512939.505514812, 513036.41241957, 513929.013846231, 516474.98177916, 516510.943465075, 517819.466185449, 519619.540456803, 519372.319702992, 519649.069742309, 520226.585186507, 520325.281425167, 520703.154500196, 520954.523117746, 521149.329506451, 522043.799128179, 522150.070313265, 522012.352463886, 522114.24976732, 522122.29829588, 521906.188714733, 521732.839113113, 
521387.712827345, 521310.586576629, 520682.162394516, 520624.100025053, 520775.433738384, 520879.041693476, 520975.381865486, 521008.089660762, 520994.100199871, 520942.363385503, 520808.186984782, 520761.134112983, 520717.977732366, 520353.993942216, 520364.368057444, 519973.200882749, 519967.20216682, 519410.548404946, 518939.633983808, 518944.44715539, 519030.887363129, 518995.107098561, 518951.373334859, 518655.646733235, 518329.455118917, 517486.465220252, 516136.213230424, 516006.316955164, 
515757.798366211, 515677.907958961, 515553.061577803, 515445.675573982, 515203.865966863, 514889.081867692, 514765.533150519)))",NA,85.04444444444445,13.555555555555555,70.4
02199,148225,"list(list(c(1907721.28458373, 1907796.95072165, 1907910.27677107, 1907963.77737712, 1908074.90177902, 1908117.00788845, 1908011.03647813, 1907728.47348155, 1907605.10640727, 1907721.28458373, 529188.191717403, 529177.957005677, 529190.827549466, 529157.742986571, 529384.175706568, 529504.90830392, 529671.575457766, 529457.507089306, 529363.619455742, 529188.191717403)))",NA,84.4,13.66,68.86
02203,82171,"list(list(c(1909038.80714556, 1909206.68158954, 1909344.8115435, 1909397.59050152, 1909214.6231121, 1909043.59645326, 1909038.80714556, 531337.96871975, 531190.799418061, 531182.967421252, 531188.005102769, 531557.633079977, 531392.24911036, 531337.96871975)))",NA,79,18.4,69.5
02210,2488786,"list(list(c(1909720.17920149, 1910004.69357597, 1909936.14529464, 1909940.88672149, 1910096.10410077, 1910001.29010795, 1909976.67955828, 1910220.54494028, 1910340.27586129, 1910629.44520368, 1910593.67592441, 1910738.41232605, 1910777.06407931, 1911051.0943123, 1911409.39307852, 1911344.06171509, 1911407.2224356, 1911362.99061564, 1911467.53241337, 1913238.08143007, 1912719.64831143, 1912663.33402786, 1912334.12839603, 1912124.58574502, 1911884.11325235, 1911667.48627572, 1911422.23445707, 1910280.97819682, 
1910235.10569162, 1910094.81857918, 1909965.77571307, 1909646.44616632, 1909720.17920149, 530512.097021712, 530405.783006059, 529934.012854716, 529868.469824555, 529943.817632122, 529846.436398312, 529577.176128516, 529485.4894076, 529613.083307434, 529376.229797214, 529287.164573096, 529205.862771501, 529298.520534399, 529146.816370194, 529187.951581134, 529601.141690073, 529619.514670383, 529792.517762929, 529710.062736977, 530243.565040638, 530234.27275485, 530407.321384524, 530734.89302644, 530844.946696018, 
530819.865479515, 530928.875674183, 531028.94826375, 531352.213920619, 531521.838695909, 530843.230755007, 530886.053101926, 530527.358756458, 530512.097021712)))",NA,76.9,20.82,70.08
02215,1981389,"list(list(c(1904509.44297515, 1904577.334715, 1904696.69135117, 1905055.52011064, 1905076.55980109, 1905639.67425792, 1905631.59693591, 1905672.59072416, 1905709.99184746, 1905835.11975018, 1905940.88157944, 1905984.5414412, 1906014.26712691, 1906209.05783735, 1906144.73208462, 1905964.91085693, 1906038.8739049, 1906092.97317991, 1906130.54713489, 1906244.01495325, 1906370.0837845, 1906257.50515992, 1906440.99596722, 1906478.09778752, 1906821.53610352, 1907066.52394377, 1907025.1049063, 1907158.19384662, 
1907290.6382616, 1907286.45880606, 1907486.0936115, 1907178.8391623, 1906985.68564046, 1906437.56914674, 1905731.67227958, 1905591.79878879, 1905604.74585744, 1905375.83478662, 1904965.13228931, 1904480.90233297, 1904509.44297515, 529065.095765219, 528962.808913054, 529068.405684465, 529099.339832449, 528987.894347286, 529031.651589319, 529146.458966475, 529149.400259705, 529132.287667064, 529089.56379175, 529072.349397985, 529070.747286732, 528833.643513516, 528489.4233265, 528351.849481742, 528007.401370998, 
527475.795645521, 527442.24668477, 527550.478850565, 527521.385025788, 527849.798027562, 527905.435943924, 528421.210937277, 528508.764555426, 528262.763133603, 528541.926857426, 528925.300555821, 529114.29983582, 529021.191715073, 529117.840361606, 529213.881635379, 529690.582104082, 529986.7683335, 529650.795843421, 529412.084798459, 529397.496019889, 529307.246036441, 529234.22766766, 529408.608206081, 529308.996868271, 529065.095765219)))",NA,87.62727272727273,10.209090909090909,59.14545454545455
02445,6743714,"list(list(c(1903137.36148239, 1903267.62798683, 1904007.34894749, 1903914.21849796, 1904295.58160993, 1904345.68142034, 1904541.33473156, 1904476.97819468, 1904688.75537145, 1904412.58644342, 1904292.32679864, 1904273.74147163, 1904927.09098839, 1905074.76368695, 1905208.30911005, 1905510.68244522, 1905653.69392761, 1905791.7548592, 1906005.70983737, 1906013.54484076, 1906109.84381376, 1906092.97317991, 1906038.8739049, 1905964.91085693, 1905975.70877121, 1905678.19578013, 1905494.25827741, 1905279.10829117, 
1905098.68572202, 1904837.77025048, 1904650.78849942, 1904642.11064948, 1904296.48342048, 1903713.76025258, 1903632.28304199, 1903461.79511631, 1903328.16246571, 1903395.36791835, 1903224.16700823, 1903257.74650313, 1903285.39687139, 1903166.11808169, 1903299.57381415, 1903117.21891672, 1903137.36148239, 526166.658810678, 525985.787936745, 525758.270492048, 525423.731947585, 525212.259014581, 524495.88916354, 524336.738266686, 524184.879882109, 524065.539735774, 523844.474108849, 523528.597942195, 
523336.786176839, 523047.574826611, 523583.591097536, 524472.72898784, 525615.725630291, 525902.035038741, 525811.015362295, 525982.535250968, 526978.689272871, 527401.262242183, 527442.24668477, 527475.795645521, 528007.401370998, 527378.307240978, 527491.690944148, 527474.083938635, 527149.543858699, 527119.433876289, 527344.23492769, 527418.332794969, 527332.066743155, 527306.065485456, 527615.058932086, 527332.336708739, 527288.292956524, 527070.74208689, 526954.804211671, 526829.093207871, 526772.402314421, 
526725.254240433, 526629.016919425, 526575.266390278, 526355.052535095, 526166.658810678)), list(c(1902222.24058199, 1902376.84181164, 1902418.74454641, 1902529.11338008, 1902486.62844403, 1902824.98322118, 1902568.44443404, 1902274.08759595, 1902222.24058199, 524814.626539593, 524907.338944803, 524837.828842095, 524967.744170506, 525006.512140079, 525246.510334669, 525442.705260233, 524862.415725485, 524814.626539593)))",NA,87.03333333333333,10.922222222222222,68.5111111111111
02446,3333352,"list(list(c(1903713.76025258, 1904296.48342048, 1904642.11064948, 1904650.78849942, 1904837.77025048, 1905098.68572202, 1905279.10829117, 1905494.25827741, 1905678.19578013, 1905975.70877121, 1905964.91085693, 1906144.73208462, 1906209.05783735, 1906014.26712691, 1905984.5414412, 1905940.88157944, 1905835.11975018, 1905709.99184746, 1905672.59072416, 1905631.59693591, 1905639.67425792, 1905076.55980109, 1905055.52011064, 1904696.69135117, 1904577.334715, 1904324.05877064, 1903955.53320691, 1903713.76025258, 
527615.058932086, 527306.065485456, 527332.066743155, 527418.332794969, 527344.23492769, 527119.433876289, 527149.543858699, 527474.083938635, 527491.690944148, 527378.307240978, 528007.401370998, 528351.849481742, 528489.4233265, 528833.643513516, 529070.747286732, 529072.349397985, 529089.56379175, 529132.287667064, 529149.400259705, 529146.458966475, 529031.651589319, 528987.894347286, 529099.339832449, 529068.405684465, 528962.808913054, 528686.657581105, 528155.057704551, 527615.058932086)))",NA,89.33333333333333,8.416666666666666,56.016666666666666
02458,5171347,"list(list(c(1898416.77380622, 1898729.81913963, 1899105.17754347, 1899130.98074993, 1899239.65652676, 1899197.54616937, 1899400.3111536, 1899581.78822754, 1899882.60299798, 1899824.09519436, 1900074.40463878, 1900204.89744341, 1900513.69246119, 1900522.14330543, 1900794.59891847, 1900971.05310907, 1900995.52104198, 1901180.0442011, 1901440.11593543, 1901402.68143759, 1900853.88151084, 1900828.05760459, 1901096.45182923, 1900548.96924866, 1899993.18764492, 1899933.58579748, 1899549.37835076, 1899549.36253965, 
1899503.50193789, 1899408.18197009, 1898898.82943234, 1899093.5127556, 1898780.2441147, 1898420.57661787, 1898164.63382501, 1898178.50165153, 1898408.22630567, 1898203.81735772, 1898280.03475948, 1898587.71480792, 1898479.65343377, 1898577.81825312, 1898434.9918518, 1898479.90556175, 1898416.77380622, 527291.902280352, 527503.535482567, 527806.984558985, 527621.098053055, 527484.43875199, 527084.14609959, 526626.970848663, 526835.947032732, 526825.375814312, 526487.232806592, 526488.339678451, 526563.421482462, 
526546.201879997, 526681.079063492, 526699.522665255, 526507.026798515, 526829.585046347, 526953.791092025, 526936.765812561, 527253.503762236, 527850.838486807, 528226.597130223, 529106.980711274, 528862.223755485, 528885.659228559, 528643.120317853, 528674.638726855, 528663.624268486, 528669.32289957, 528686.974773228, 528729.657341332, 529224.888698498, 529434.715952347, 529129.343390149, 529020.332746498, 528914.926241209, 528650.290156044, 528382.227165879, 528404.46394245, 528121.184533705, 
527929.189183141, 527756.558862874, 527595.261867805, 527404.706723115, 527291.902280352)))",NA,80.225,16.95,73.17500000000001
02459,12958671,"list(list(c(1898149.64830428, 1898252.42343505, 1898422.26671501, 1898554.16370898, 1898755.18246388, 1898764.64915144, 1898896.95872902, 1899043.66343594, 1899111.8056484, 1899227.4571988, 1899435.21248479, 1899456.24594139, 1899604.40365868, 1899773.34408527, 1899659.8851252, 1899800.66328988, 1900074.15789636, 1900019.41028698, 1900155.5600307, 1900180.67141892, 1900348.61530211, 1900205.76849966, 1900142.34346973, 1900157.44489405, 1900067.27891282, 1899911.92248122, 1899904.53535053, 1900035.77722507, 
1899884.53045375, 1900128.12597993, 1900202.34570242, 1900375.41500172, 1900263.27961981, 1900007.46054809, 1900210.4064342, 1900437.10883935, 1900637.11092832, 1900739.03261899, 1901180.94688804, 1901247.66475784, 1901232.90998535, 1901436.07317084, 1901628.25984062, 1901690.92118643, 1901703.94181627, 1902275.66914086, 1902757.75713217, 1902644.95221378, 1902478.14322089, 1902181.19514935, 1902199.05182214, 1902029.44059395, 1901995.86612931, 1902091.93903631, 1901654.73037554, 1901417.54008758, 
1901477.48802356, 1901270.68349112, 1901239.19714344, 1901003.66261127, 1900935.50182549, 1901054.61448652, 1901438.11888234, 1901391.8427419, 1901531.42871853, 1901535.15745756, 1900899.8170513, 1900851.01353842, 1900707.55457882, 1900930.95860723, 1900971.05310907, 1900794.59891847, 1900522.14330543, 1900513.69246119, 1900204.89744341, 1900074.40463878, 1899824.09519436, 1899882.60299798, 1899581.78822754, 1899400.3111536, 1899346.28372869, 1899135.57160331, 1899170.927559, 1898940.63461224, 1898930.33968117, 
1898349.63010984, 1898224.52356067, 1898100.61656609, 1898158.98428361, 1898149.64830428, 525013.403864546, 524910.136050812, 524977.353603355, 525106.349061499, 525157.453416876, 525331.244975007, 525293.260615607, 524978.87774252, 524975.098209406, 524664.392728385, 524616.394736751, 524488.686985031, 524364.918873524, 524443.668105428, 524080.677473747, 524056.713470356, 523832.802231893, 523806.276910741, 523741.810534289, 523562.347637511, 523540.649695221, 523279.267461744, 523037.932389289, 
522864.96516837, 522661.735522206, 522699.903019345, 522428.68227781, 522335.248853366, 522227.359026863, 521557.746843194, 521559.265838021, 521337.82256893, 521200.64477594, 521118.4682677, 520819.267107148, 520305.139122103, 520237.086240909, 520271.589728398, 520077.364494699, 520109.665398996, 520322.115136414, 520349.611884257, 520144.803269459, 519844.627247684, 519871.235287716, 521412.526328983, 522257.17197494, 522495.954833973, 522341.379519175, 522367.244179949, 522714.696591049, 523023.894144347, 
523259.937634419, 523367.89846042, 523666.426014596, 523877.022237505, 524085.031961024, 524161.617547395, 524435.410136298, 524407.290117508, 524478.455802759, 524558.446402282, 524563.340401858, 524763.561330443, 524842.564891132, 525067.19863518, 525682.222209682, 525918.83470932, 526120.78705932, 526137.097770658, 526507.026798515, 526699.522665255, 526681.079063492, 526546.201879997, 526563.421482462, 526488.339678451, 526487.232806592, 526825.375814312, 526835.947032732, 526626.970848663, 526286.979781509, 
526346.165946338, 526330.921050429, 526085.529476749, 525915.182877646, 525639.026441161, 525505.977440103, 525486.525421008, 525116.696840481, 525013.403864546)))",NA,67.4,30.9,84
02467,12621093,"list(list(c(1901003.66261127, 1901239.19714344, 1901270.68349112, 1901477.48802356, 1901417.54008758, 1901654.73037554, 1902091.93903631, 1901995.86612931, 1902029.44059395, 1902199.05182214, 1902181.19514935, 1902478.14322089, 1902644.95221378, 1902757.75713217, 1902275.66914086, 1902426.76024434, 1902749.97389546, 1902716.96368296, 1902819.51670618, 1902704.96973083, 1902695.7569976, 1902842.25921438, 1902821.22547712, 1902928.73123377, 1902765.49331312, 1902999.48659814, 1903159.78487224, 1903707.66170672, 
1903809.95141111, 1904108.2251245, 1904258.4449426, 1904487.74210155, 1904684.97764217, 1905273.48804803, 1905452.5179114, 1905183.54486563, 1904978.27849648, 1904927.09098839, 1904273.74147163, 1904292.32679864, 1904412.58644342, 1904688.75537145, 1904476.97819468, 1904541.33473156, 1904345.68142034, 1904295.58160993, 1903914.21849796, 1904007.34894749, 1903267.62798683, 1903137.36148239, 1903117.21891672, 1903299.57381415, 1903166.11808169, 1903285.39687139, 1903257.74650313, 1903105.25902256, 
1903093.72743505, 1902944.77292219, 1902897.58499585, 1902744.50593893, 1902863.56996775, 1902812.90634483, 1902515.12588206, 1902294.00616256, 1902262.10463143, 1902094.86574736, 1901966.31976457, 1901856.44881212, 1901820.1791308, 1901779.72378491, 1901402.68143759, 1901440.11593543, 1901180.0442011, 1900995.52104198, 1900971.05310907, 1900930.95860723, 1900707.55457882, 1900851.01353842, 1900899.8170513, 1901535.15745756, 1901531.42871853, 1901391.8427419, 1901438.11888234, 1901054.61448652, 1900935.50182549, 
1901003.66261127, 524407.290117508, 524435.410136298, 524161.617547395, 524085.031961024, 523877.022237505, 523666.426014596, 523367.89846042, 523259.937634419, 523023.894144347, 522714.696591049, 522367.244179949, 522341.379519175, 522495.954833973, 522257.17197494, 521412.526328983, 521352.457587617, 521098.500108405, 521315.976167158, 521403.778211331, 521631.695622172, 521780.43591111, 521904.244711989, 522064.130601289, 521979.543516152, 522234.900433152, 522071.550121649, 522053.481895113, 
521858.215774321, 521963.705826227, 522044.694687579, 521946.378373067, 522245.862449395, 522326.19491593, 522370.367280291, 522547.509124063, 522998.715797948, 523029.993233238, 523047.574826611, 523336.786176839, 523528.597942195, 523844.474108849, 524065.539735774, 524184.879882109, 524336.738266686, 524495.88916354, 525212.259014581, 525423.731947585, 525758.270492048, 525985.787936745, 526166.658810678, 526355.052535095, 526575.266390278, 526629.016919425, 526725.254240433, 526772.402314421, 
526680.958228308, 526697.929312316, 526625.299960353, 526261.506696083, 526053.198254043, 525976.247807923, 525917.512621078, 526179.597267275, 526233.954070562, 526300.273312129, 526504.884621647, 526705.803427277, 526752.440444716, 526856.004730103, 526835.49268764, 527253.503762236, 526936.765812561, 526953.791092025, 526829.585046347, 526507.026798515, 526137.097770658, 526120.78705932, 525918.83470932, 525682.222209682, 525067.19863518, 524842.564891132, 524763.561330443, 524563.340401858, 524558.446402282, 
524478.455802759, 524407.290117508), c(1902274.08759595, 1902568.44443404, 1902824.98322118, 1902486.62844403, 1902529.11338008, 1902418.74454641, 1902376.84181164, 1902222.24058199, 1902274.08759595, 524862.415725485, 525442.705260233, 525246.510334669, 525006.512140079, 524967.744170506, 524837.828842095, 524907.338944803, 524814.626539593, 524862.415725485)))",NA,76.3,21.275,78.7375
02472,10455350,"list(list(c(1897191.4945716, 1897200.07489534, 1897266.18818138, 1897789.47542221, 1898010.41067506, 1898164.63382501, 1898420.57661787, 1898780.2441147, 1899093.5127556, 1898898.82943234, 1899408.18197009, 1899503.50193789, 1899549.36253965, 1899549.37835076, 1899933.58579748, 1899993.18764492, 1900548.96924866, 1901096.45182923, 1901444.66163847, 1901694.71768101, 1902023.45546144, 1902507.45811913, 1902740.83633783, 1902647.9297583, 1902765.89572796, 1902810.40492611, 1902820.3477686, 1902814.12195357, 
1902849.15476527, 1902889.40727277, 1902866.77771273, 1902812.37645689, 1902728.76112547, 1902475.03151506, 1902425.46415948, 1901941.2130793, 1901623.96217483, 1901051.69328461, 1900451.39128232, 1899977.25490055, 1899593.10472378, 1898854.49557386, 1898316.80984095, 1897275.33739964, 1897110.36569783, 1897191.4945716, 528851.524817787, 528858.101895003, 528795.544661335, 528715.505235189, 528777.450907989, 529020.332746498, 529129.343390149, 529434.715952347, 529224.888698498, 528729.657341332, 
528686.974773228, 528669.32289957, 528663.624268486, 528674.638726855, 528643.120317853, 528885.659228559, 528862.223755485, 529106.980711274, 528977.191776412, 529231.683212789, 529334.172823602, 529613.412270649, 530148.558355737, 530303.848136319, 530404.39225264, 530866.106627176, 530818.610741036, 530744.139679314, 530729.806567025, 530759.94296211, 530921.003106773, 530905.054667721, 531362.602221194, 531351.026601041, 531323.653000219, 531112.467065738, 531094.768919499, 531128.956203498, 
531077.369923124, 531156.786740399, 531165.775618869, 531031.747972163, 531537.828560384, 529039.954727924, 529047.80432222, 528851.524817787)))",NA,79.5,17.9,75.7
02492,24707804,"list(list(c(1893966.73718017, 1894292.64873592, 1894389.50149214, 1894470.72575017, 1894505.99845594, 1894621.8982054, 1894818.07990625, 1895015.66762237, 1895073.76350946, 1895217.51074994, 1895300.85749288, 1895458.44934313, 1895734.76520449, 1895833.5524916, 1895929.25046703, 1896020.68027939, 1896251.25458812, 1896401.18026782, 1896400.98180912, 1896504.98981035, 1896842.58736902, 1897022.05597358, 1896908.08773176, 1896814.39679763, 1896816.32506898, 1897031.80917263, 1897087.48600195, 1897141.20287236, 
1897594.07000292, 1897647.09403558, 1897782.90403203, 1897932.57393633, 1898094.58319309, 1898173.69354009, 1898221.80628599, 1898333.93218797, 1898715.00581366, 1898749.44838961, 1898833.3881226, 1898952.45511441, 1899017.14669686, 1899351.66621138, 1899376.89579661, 1899411.97601338, 1899420.66349756, 1899684.63695426, 1899864.49265499, 1900143.57425469, 1900163.63910831, 1900121.4832414, 1900406.61592646, 1900673.00713062, 1900864.60012777, 1901155.50819873, 1901496.53403994, 1901683.11178384, 
1901995.64291371, 1901803.25933419, 1901690.92118643, 1901628.25984062, 1901436.07317084, 1901232.90998535, 1901247.66475784, 1901180.94688804, 1900739.03261899, 1900637.11092832, 1900437.10883935, 1900210.4064342, 1900007.46054809, 1899426.12158122, 1899330.05065206, 1899423.21351598, 1899295.71196047, 1899409.32727029, 1898981.08609547, 1898885.69671329, 1898658.33634536, 1898745.63080237, 1898411.45464722, 1898288.83354803, 1898282.38949026, 1897998.68318792, 1897966.88466898, 1897862.64789228, 
1897807.82715959, 1897622.22651265, 1897699.22857025, 1897793.21760902, 1897946.74487746, 1897851.76088371, 1897722.74391448, 1897677.64743563, 1897423.92046039, 1897400.90633707, 1897183.73798927, 1897147.80609346, 1896963.44636962, 1896898.24620543, 1896635.89194398, 1896428.77617888, 1896139.39878353, 1895872.61036726, 1894228.67778656, 1894215.23903929, 1894037.51949328, 1893932.99085492, 1893986.50836051, 1893966.73718017, 515815.857112061, 515904.833333709, 515890.792236541, 515712.623643224, 
515867.804849413, 516025.534245037, 515917.162587439, 515879.979484271, 515993.19233254, 515901.78300758, 515711.83244393, 515592.933474846, 515461.44379762, 515461.877382503, 515659.49144227, 515623.720481253, 515836.303942015, 515750.720218778, 515509.365336768, 515348.906476043, 515137.801422738, 515199.050049023, 515486.365220473, 515569.955474929, 515720.292453395, 515668.856886371, 515562.27573398, 515526.475105373, 515334.807907344, 515332.581529964, 515411.788159112, 515428.287363471, 515562.689830957, 
515551.781583264, 515602.797388106, 516033.81364152, 516149.968176666, 516161.987429349, 516249.250158956, 516284.992474779, 516293.479739187, 516211.67456981, 516317.006685252, 516520.012680109, 516923.778036534, 516992.53848696, 516889.824994565, 517052.792963429, 517402.736995235, 517665.334725085, 517622.238877028, 517644.106178013, 517762.17131935, 517755.144876752, 517916.902706529, 518118.424499512, 519602.439014978, 519694.033962772, 519844.627247684, 520144.803269459, 520349.611884257, 520322.115136414, 
520109.665398996, 520077.364494699, 520271.589728398, 520237.086240909, 520305.139122103, 520819.267107148, 521118.4682677, 520736.843375797, 520461.847058696, 520336.193222613, 520101.842323372, 519914.137752667, 519636.90206993, 519540.445712137, 519472.306139604, 519244.89798975, 519146.983766444, 519197.376120967, 519458.632251694, 519544.24545562, 519939.385212991, 519894.64179815, 520057.099952868, 520023.758537857, 519823.929496784, 519777.619885235, 519531.095837832, 519302.787886534, 519263.045788147, 
519098.469067525, 519295.96003677, 519565.868920818, 519815.208268685, 519945.77653134, 519879.271053057, 520204.689284666, 520534.675842881, 520723.722111248, 520184.466370178, 519687.225694318, 516626.30886977, 516544.579019705, 516496.822756376, 516222.409710702, 516001.509515755, 515815.857112061)))",NA,67.4,30.9,84
